{
"and":4,
"bneq":15,
"IMM_W":28,
"rdwb":10,
"ldi":6,
"DELAY_SLOTS":1,
"MEM_BASE":0,
"SEL_ADDR_W":3,
"LED_ADDR_W":0,
"beqi":12,
"R14":526,
"R15":527,
"xor":5,
"sub":2,
"R10":522,
"R11":523,
"LED_BASE":700,
"add":1,
"wrw":9,
"CPRT_ADDR_W":0,
"RB":528,
"ldih":7,
"addi":0,
"MEM_ADDR_W":9,
"R4":516,
"R5":517,
"R6":518,
"R7":519,
"R0":512,
"R1":513,
"R2":514,
"R3":515,
"RC":529,
"R8":520,
"REGF_BASE":512,
"R9":521,
"CPRT_BASE":600,
"TRAP_BASE":1023,
"DATA_W":32,
"R12":524,
"OPCODESZ":4,
"R13":525,
"rdw":8,
"beq":13,
"ADDR_W":10,
"NO_EXT":1,
"shft":3,
"wrwb":11,
"INSTR_W":32,
"bneqi":14,
"REGF_ADDR_W":4,
"nop":0,
}
